Name,Key,Side,Type,Scale,Decay
BUY-FIXED,BUY-FIXED,BUY,FIXED,,
SELL-FIXED,SELL-FIXED,SELL,FIXED,,
BUY-GDA-1.001387163-8022,BUY-GDA-1.001387163-8022,BUY,GDA,1.001387163,0.000008022
BUY-GDA-1.013958539-8022,BUY-GDA-1.013958539-8022,BUY,GDA,1.013958539,0.000008022
BUY-GDA-1.148687699-8022,BUY-GDA-1.1486877-8022,BUY,GDA,1.1486877,0.000008022